{"q": [[-983.0334588174749, -109.48039698141119, -490.08644918478115], [-984.6755498851799, -106.17078519535717, -485.59535787502693], [-990.9419899311513, -104.33390752689652, -488.5980246222702], [-988.3163188415579, -100.34636579351816, -490.8215589018999], [-990.1806726204688, -99.16093970452042, -489.6337145445129], [-82.64779633721719, -995.4492986853832, -483.82797148756083], [-996.1940474285157, -100.31793215428189, -484.2858219816103], [-994.1583584795603, -105.65615218565729, -488.07363369516736], [-995.4975831808536, -99.45731579095433, -490.75494399088166], [-1003.7878458749557, -99.53542399857987, -491.0889995035068]], "w": [[1006.4931490023052, 56.592194037292096, -470.8575860902078], [1000.2614403622856, 55.35213382450313, -473.97004694577345], [1005.2258919188785, 50.05285593177744, -466.65966610076987], [1000.2523894510011, 43.546415235116754, -468.0378801232132], [995.6143128146757, 44.9798925309921, -472.6413142001462], [278.5460509152188, -954.785021301698, -468.4034974012347], [332.4592597302452, -948.2927184790353, -474.0711116860806], [993.1179011630586, 41.93188505063445, -465.38133963042503], [993.8992747719269, 38.74101705495636, -462.89155104789404], [997.3903613108891, 40.358672784200856, -469.1598546250077]], "e": [[959.7632169948755, -109.78651664561953, -489.05487293658575], [-550.9046120502996, -790.6637247611371, -484.54938323154744], [962.2035941002206, -99.34965518918034, -488.13069069242374], [964.5183606161665, -89.83850818029472, -485.42856613005864], [956.6548183900915, -92.05077677549019, -485.73475768163325], [970.4479216315692, -92.2268194032851, -494.656183441751], [969.8254155975721, -95.76335152126055, -490.4611871775604], [-589.7542948335675, -780.6868511377207, -494.58803891423383], [971.61892888682, -87.0473024835358, -493.6976227387403], [964.3473114096521, -89.6271961688783, -491.0032140529447]], "a": [[-1008.9997359206471, -94.33287132150777, -477.70768613262567], [-1001.8152864665465, -104.3865772079993, -477.8345494196293], [-1008.4764519334788, -100.88542064994228, -476.4717738551859], [-994.3671358342459, -110.685405633217, -467.3263808537689], [-991.0217260106095, -121.03915631242441, -465.76076353838596], [-988.848899613512, -124.25466081733244, -460.6750728530683], [-980.3712618033, -125.80067084862493, -465.1786182578133], [-984.3093993356274, -119.29140609332185, -467.44163313036364], [-983.7488538258217, -121.49211291674206, -461.35374520045514], [-983.4956009002491, -122.98823381686536, -465.56378991152724]], "s": [[-642.7815728052619, -793.3272491790883, -438.5737242633312], [-695.5583648730919, -753.932637467689, -435.41685864421385], [1019.3024195450765, 56.220566090682425, -430.86916458858536], [-810.7838830725033, -624.2516922122534, -434.7326847259825], [1022.8591506749522, 52.46854089690248, -436.39791615841574], [1015.5429861706612, 50.394060475827665, -431.66283115280805], [1023.4798734055248, 51.303848501441024, -436.1503306629649], [1026.0457676570747, 52.77963688040583, -435.36207650690505], [1025.75857823723, 50.57427116091157, -437.36453046127394], [1017.5272072270153, 54.01542072022538, -430.8056556865895]], "d": [[1000.2169600144043, -68.00187214413228, -451.3251134943529], [997.2539843472232, -61.09028384905077, -449.2449559553585], [1006.3309163446932, -62.31916558475906, -446.5689246419153], [1001.5616103171639, -63.474618515436916, -445.5061028347381], [1006.0399277939466, -60.9638742648897, -450.9733932553123], [1006.6681700245251, -61.54941415068941, -450.91748488016316], [1000.9665266180036, -66.3354034128021, -452.54123440483295], [991.8092417763673, -60.297659726650096, -445.6988158508144], [1000.265463547936, -61.22847163885426, -447.2296764099249], [996.9399575665336, -60.031810106330646, -443.5832885577718]], "z": [[329.33180092833584, -947.2181403923333, -456.1670862165489], [-1005.2378428831745, -74.7265903470296, -456.60627544784313], [-1005.4571646456998, -71.7402094669484, -454.7577459807673], [-1000.2108789243325, -76.16430177275177, -453.3378527539014], [-998.2960817615933, -74.20621202551922, -449.7626622004791], [-1002.4136061219529, -73.23863389522965, -454.8772332108847], [-1000.8690182915167, -80.31174112273595, -448.0792792628682], [-1001.5279824433708, -78.5714407730625, -449.84495990747916], [-999.3868972051264, -71.34866216451908, -454.4606430659271], [-998.3581352592403, -76.37300395311038, -445.794569794098], [-1004.0806009698299, -82.02862045988158, -455.1459191377139], [-1002.966555674634, -79.34378773518172, -453.4689317369738], [385.81755226498126, -924.492778048005, -449.67414084236736], [-1002.0258076751754, -78.40814889094224, -455.9132993828574], [-1002.810803926433, -76.38868241040964, -452.86405679415157]], "x": [[1007.2462287023468, 56.639442600975, -431.3594949192251], [-990.2130024668886, -184.2211489880492, -428.6797019549946], [-1011.8795914465487, -58.99764206611457, -430.3098602541681], [1011.6125192483912, 58.05776049679642, -437.4368408928477], [1004.5435187871617, 58.376944663468905, -432.7665557589845], [-1007.6432982488195, -58.984668756786824, -432.10608087496564], [1006.3869378162158, 56.33469511085684, -436.8253873153974], [1001.3151188389828, 54.14139755662703, -431.62643544050246], [1002.2645831540077, 55.67702492275079, -430.60925599884797], [1001.0055075910745, 51.62156906819113, -434.354510127524]], "c": [[1007.0403138562942, -0.28701272642313924, -434.9453301293673], [1003.707064822818, 1.4160256378912202, -435.6103475657919], [1005.0218238330681, -2.383342324985847, -441.678452066473], [1004.3281783363416, -3.5851921390555965, -440.37539898691034], [999.7235871099114, 0.700740983189835, -440.3870857373869], [1004.8826401718202, -1.080426771601875, -437.1110209201711], [1004.4992145303238, 0.48575146060065677, -436.1989975387387], [1003.9700997534623, -6.807189265097682, -440.02580702476337], [988.3300978510417, -8.665280560377168, -440.17047961582807], [1003.4229745578301, -1.715362489810449, -438.2435152578427]]}